{"cameraMode":{"drawMode":0,"name":"Shaded","section":"Shading Mode"},"sceneLighting":false,"audioPlay":false,"sceneViewState":{"showFog":true,"showMaterialUpdate":true,"showSkybox":true,"showFlares":true,"showImageEffects":true,"showParticleSystems":true},"in2DMode":false,"pivot":{"x":1.9934375286102296,"y":5.042170524597168,"z":6.019047737121582},"rotation":{"x":-0.002574939513579011,"y":0.9279298186302185,"z":-0.37268349528312685,"w":-0.006417525932192802},"size":3.365116834640503,"orthographic":false}