{"cameraMode":{"drawMode":0,"name":"Shaded","section":"Shading Mode"},"sceneLighting":false,"audioPlay":false,"sceneViewState":{"showFog":true,"showMaterialUpdate":true,"showSkybox":true,"showFlares":true,"showImageEffects":true,"showParticleSystems":true},"in2DMode":false,"pivot":{"x":-18.023658752441408,"y":-0.9724562168121338,"z":7.765644073486328},"rotation":{"x":0.24026697874069215,"y":0.7533736228942871,"z":-0.48545363545417788,"w":0.37286850810050967},"size":4.7429704666137699,"orthographic":false}