{"cameraMode":{"drawMode":0,"name":"Shaded","section":"Shading Mode"},"sceneLighting":false,"audioPlay":false,"sceneViewState":{"showFog":true,"showMaterialUpdate":true,"showSkybox":true,"showFlares":true,"showImageEffects":true,"showParticleSystems":true},"in2DMode":false,"pivot":{"x":-40.61012649536133,"y":0.12416285276412964,"z":9.117582321166993},"rotation":{"x":-0.08732061088085175,"y":0.8780316710472107,"z":-0.43656277656555178,"w":-0.17562434077262879},"size":34.87766647338867,"orthographic":false}