{"cameraMode":{"drawMode":0,"name":"Shaded","section":"Shading Mode"},"sceneLighting":false,"audioPlay":false,"sceneViewState":{"showFog":true,"showMaterialUpdate":true,"showSkybox":true,"showFlares":true,"showImageEffects":true,"showParticleSystems":true},"in2DMode":false,"pivot":{"x":-17.410400390625,"y":-0.13482293486595155,"z":11.246232986450196},"rotation":{"x":-0.002574939513579011,"y":0.9279298186302185,"z":-0.37268349528312685,"w":-0.006417525932192802},"size":3.4330124855041506,"orthographic":false}