{"cameraMode":{"drawMode":0,"name":"Shaded","section":"Shading Mode"},"sceneLighting":true,"audioPlay":false,"sceneViewState":{"showFog":true,"showMaterialUpdate":true,"showSkybox":true,"showFlares":true,"showImageEffects":true,"showParticleSystems":true},"in2DMode":false,"pivot":{"x":-30.419532775878908,"y":9.559001922607422,"z":-6.243278503417969},"rotation":{"x":-0.2730429768562317,"y":0.23284117877483369,"z":-0.06829512119293213,"w":-0.9308964014053345},"size":13.04748821258545,"orthographic":false}