{"cameraMode":{"drawMode":0,"name":"Shaded","section":"Shading Mode"},"sceneLighting":false,"audioPlay":false,"sceneViewState":{"showFog":true,"showMaterialUpdate":true,"showSkybox":true,"showFlares":true,"showImageEffects":true,"showParticleSystems":true},"in2DMode":false,"pivot":{"x":2.8406379222869875,"y":0.9109710454940796,"z":0.6261411905288696},"rotation":{"x":-0.2266489714384079,"y":0.5378637909889221,"z":-0.1528690606355667,"w":-0.7974693179130554},"size":0.3339746594429016,"orthographic":false}